,age,gender,uses_social_media,daily_time,aimless_use,distracted_when_busy,restless_without,distractibility,worries,concentration_difficulty,comparison,comparison_feeling,seeks_validation,depression,interest_fluctuation,sleep_issues,Discord,Facebook,Instagram,Pinterest,Reddit,Snapchat,TikTok,Twitter,YouTube,rel_Divorced,rel_In a relationship,rel_Married,rel_Single,Retired,Student,Worker,age_group
0,21.0,1,1,2.0,5,3,2,5,2,5,2,3,2,5,4,5,1,1,1,0,1,0,0,1,1,0,1,0,0,0,1,0,2
1,21.0,0,1,5.0,4,3,2,4,5,4,5,1,1,5,4,5,1,1,1,0,1,0,0,1,1,0,0,0,1,0,1,0,2
2,21.0,0,1,3.0,3,2,1,2,5,4,3,3,1,4,2,5,0,1,1,1,0,0,0,0,1,0,0,0,1,0,1,0,2
3,21.0,0,1,5.0,4,2,1,3,5,3,5,1,2,4,3,2,0,1,1,0,0,0,0,0,0,0,0,0,1,0,1,0,2
4,21.0,0,1,2.0,3,5,4,4,5,5,3,3,3,4,4,1,0,1,1,0,0,0,0,0,1,0,0,0,1,0,1,0,2
5,22.0,0,1,2.0,4,4,2,3,4,3,4,4,3,3,2,4,1,1,1,1,0,0,1,1,1,0,0,0,1,0,1,0,2
6,21.0,0,1,3.0,4,3,2,2,4,3,5,3,4,5,5,3,0,1,1,0,0,1,1,0,1,0,0,1,0,0,1,0,2
7,21.0,0,1,5.0,5,2,3,3,3,1,1,3,1,5,5,1,0,1,1,0,0,0,0,0,1,0,1,0,0,0,1,0,2
8,21.0,0,1,5.0,5,2,3,3,1,1,1,3,1,5,5,1,0,1,1,0,0,0,0,0,1,0,1,0,0,0,1,0,2
9,20.0,1,0,0.0,1,1,1,1,1,1,1,1,1,1,1,1,0,0,0,1,1,0,0,0,0,0,0,0,1,0,1,0,2
10,24.0,1,1,2.0,5,5,2,4,3,5,4,2,3,5,4,5,1,1,1,0,0,0,0,0,1,0,0,0,1,0,1,0,2
11,21.0,0,1,3.0,4,4,2,5,3,4,2,2,3,3,4,2,1,1,1,1,1,1,1,0,1,0,0,0,1,0,1,0,2
12,22.0,0,1,3.0,3,4,2,4,4,2,4,2,1,3,1,5,1,1,1,1,1,1,0,1,1,0,0,0,1,0,1,0,2
13,21.0,0,1,3.0,5,3,2,1,4,4,2,3,2,3,3,3,0,1,1,1,1,1,0,1,1,0,0,0,1,0,1,0,2
14,22.0,1,1,5.0,5,5,5,5,5,5,5,5,5,5,5,5,0,1,0,1,0,0,0,0,1,0,0,0,1,0,1,0,2
15,23.0,1,1,1.0,3,4,2,3,4,4,3,2,2,3,4,2,0,1,1,0,1,0,0,0,1,0,1,0,0,0,1,0,2
16,21.0,1,1,0.0,2,2,1,2,4,2,1,3,1,4,1,3,1,1,0,0,0,0,0,0,1,0,0,0,1,0,1,0,2
17,25.0,1,1,4.0,5,5,4,4,3,3,1,4,2,2,2,2,0,1,1,0,1,0,0,0,1,0,0,0,1,0,1,0,2
18,28.0,1,1,1.0,3,4,2,4,5,5,2,3,1,3,3,1,1,1,0,0,1,0,0,0,1,0,0,0,1,0,1,0,2
19,34.0,1,1,1.0,2,4,3,3,4,1,1,5,3,2,2,2,0,1,1,0,0,0,0,1,1,1,0,0,0,0,0,1,1
20,22.0,1,1,2.0,4,2,2,3,3,2,2,2,1,2,3,2,1,1,1,0,1,0,0,0,1,0,1,0,0,0,1,0,2
21,23.0,1,1,5.0,3,2,4,2,4,2,5,2,1,3,3,1,1,1,1,0,1,0,1,1,1,0,0,0,1,0,1,0,2
22,26.0,0,1,3.0,3,4,3,3,4,4,4,3,3,4,4,4,0,1,1,1,0,0,0,0,1,0,0,0,1,0,1,0,2
23,23.0,0,1,1.0,3,2,2,4,4,3,3,2,3,4,4,1,0,1,1,1,0,1,0,0,1,0,0,1,0,0,1,0,2
24,23.0,1,1,3.0,3,3,5,5,5,5,4,1,3,3,5,5,1,1,0,0,0,0,0,1,1,0,0,0,1,0,1,0,2
25,35.0,0,1,3.0,4,4,3,3,3,3,4,4,4,4,2,2,0,1,0,0,0,0,0,0,1,0,0,1,0,0,0,1,1
26,20.0,1,1,3.0,4,4,3,3,3,4,2,3,3,4,3,4,1,1,1,0,0,0,0,0,1,0,0,0,1,0,1,0,2
27,35.0,1,1,2.0,2,4,4,4,4,4,4,4,4,4,4,5,0,1,1,0,0,0,0,1,1,0,0,1,0,0,0,1,1
28,22.0,0,1,4.0,3,4,3,4,5,4,4,3,2,4,4,1,1,1,1,1,0,1,1,0,1,0,1,0,0,0,1,0,2
29,21.0,0,1,3.0,4,4,5,5,5,4,4,4,3,5,4,1,1,1,1,0,0,1,0,0,1,0,0,0,1,0,1,0,2
30,22.0,0,1,3.0,4,4,3,3,5,4,5,2,3,5,4,3,1,1,1,0,0,0,0,0,1,0,1,0,0,0,1,0,2
31,35.0,1,1,2.0,3,4,3,3,3,2,2,2,2,3,4,2,0,1,0,1,0,0,0,0,1,0,0,1,0,0,0,1,1
32,24.0,1,1,2.0,3,3,3,3,3,4,2,3,3,2,3,3,0,1,1,0,0,0,1,0,1,0,0,0,1,0,0,1,2
33,18.0,0,1,2.0,4,3,3,3,4,3,3,2,4,3,3,2,1,1,1,1,0,0,0,0,1,0,0,0,1,0,1,0,3
34,19.0,0,1,3.0,5,5,5,5,5,5,2,3,1,5,4,4,1,1,1,0,0,0,0,0,1,0,0,0,1,0,1,0,2
36,21.0,1,1,3.0,5,3,4,3,2,3,5,3,4,3,3,1,0,1,1,0,0,0,0,0,0,0,0,0,1,0,1,0,2
37,23.0,1,1,0.0,2,3,1,1,1,3,1,3,1,5,4,5,1,1,1,0,1,1,0,1,1,0,0,0,1,0,1,0,2
38,22.0,0,1,3.0,4,5,5,4,4,4,2,3,3,2,2,5,0,1,1,1,0,1,0,0,1,0,0,0,1,0,1,0,2
39,22.0,1,1,2.0,4,4,2,4,3,5,1,3,1,1,3,4,1,1,0,0,0,0,0,0,1,0,0,0,1,0,1,0,2
40,21.0,0,1,1.0,1,1,1,1,1,1,2,1,2,3,3,1,0,1,1,0,0,1,0,0,1,0,0,0,1,0,1,0,2
41,21.0,0,1,3.0,3,5,2,3,3,3,3,4,2,4,2,2,0,1,1,0,0,1,0,0,1,0,0,0,1,0,1,0,2
42,56.0,0,1,1.0,1,1,1,1,3,1,1,3,1,2,3,1,0,0,0,0,0,0,0,0,1,0,0,1,0,1,0,0,0
43,19.0,0,1,5.0,3,2,4,4,5,4,5,2,1,5,4,2,0,1,1,1,0,1,0,0,1,0,0,0,1,0,1,0,2
44,24.0,1,1,5.0,5,1,1,3,3,3,1,3,3,3,3,3,1,0,0,0,1,0,0,1,0,0,0,0,1,0,0,1,2
45,22.0,0,1,5.0,4,5,4,4,5,2,3,3,3,3,2,3,0,1,1,0,0,0,0,0,1,0,1,0,0,0,1,0,2
46,65.0,1,1,3.0,5,3,2,2,2,1,3,4,3,1,3,2,0,1,0,0,0,0,0,0,1,0,0,1,0,1,0,0,0
47,17.0,0,1,3.0,4,3,1,3,5,3,4,2,1,3,5,1,0,0,1,1,1,0,0,0,1,0,0,0,1,0,1,0,3
48,40.0,1,1,2.0,3,3,3,3,2,3,2,3,1,2,2,1,0,0,0,0,1,0,0,1,1,0,0,1,0,0,0,1,1
49,33.0,0,1,3.0,3,3,1,3,2,1,2,2,1,1,1,1,0,1,0,0,0,0,0,0,1,0,0,0,1,0,0,1,1
50,22.0,0,1,3.0,4,4,3,4,3,2,1,3,3,3,4,4,1,1,1,1,1,1,1,1,1,0,0,0,1,0,1,0,2
51,24.0,1,1,5.0,5,5,5,5,4,5,2,2,1,3,5,1,1,0,0,0,0,1,0,0,1,0,0,0,1,0,0,1,2
52,26.0,1,1,0.0,3,5,3,5,5,5,5,5,5,5,5,5,0,1,0,0,0,0,0,0,0,0,0,0,1,0,1,0,2
53,55.0,1,1,1.0,3,2,1,3,2,1,1,3,1,1,2,1,1,0,0,0,1,0,0,0,0,0,0,1,0,0,0,1,0
54,26.0,1,0,1.0,4,1,1,2,2,1,1,3,1,1,3,2,1,0,0,0,1,0,0,0,1,0,1,0,0,0,0,1,2
55,27.0,1,1,5.0,2,5,5,4,4,5,3,3,4,5,2,3,0,1,1,0,1,1,1,1,1,0,0,0,1,0,1,0,2
56,22.0,1,1,5.0,3,2,1,2,4,2,1,3,1,3,4,2,1,1,1,0,1,1,0,0,1,0,0,1,0,0,1,0,2
57,19.0,0,1,2.0,3,2,2,2,4,3,3,3,2,4,4,5,1,1,1,1,0,0,0,0,1,0,0,0,1,0,1,0,2
58,22.0,0,1,2.0,4,5,2,4,4,4,3,3,4,5,4,2,1,1,1,1,1,1,1,1,1,0,0,1,0,0,1,0,2
59,20.0,0,1,1.0,1,1,1,2,2,2,1,3,1,1,3,5,0,0,1,0,1,0,0,0,0,0,0,1,0,0,1,0,2
60,25.0,0,1,5.0,4,3,3,4,4,4,2,2,2,4,3,4,1,1,1,0,0,0,0,1,1,0,0,0,1,0,1,0,2
61,25.0,0,1,1.0,2,2,1,3,5,4,5,2,4,4,5,4,0,0,0,0,1,0,0,0,1,0,0,1,0,0,1,0,2
62,18.0,0,1,5.0,4,4,3,5,4,3,1,3,1,5,4,5,0,1,1,1,0,0,0,0,1,0,0,0,1,0,1,0,3
63,25.0,1,1,1.0,3,1,1,3,2,4,1,3,1,5,1,5,0,0,0,0,1,0,0,0,0,0,0,0,1,0,0,1,2
64,19.0,0,1,2.0,2,3,1,5,3,5,1,3,1,1,5,4,1,0,0,0,1,0,0,0,0,0,0,0,1,0,1,0,2
65,24.0,1,1,1.0,3,2,4,3,2,2,1,3,2,2,4,4,1,0,0,0,1,0,0,0,1,0,1,0,0,0,1,0,2
66,21.0,1,1,3.0,5,5,5,5,5,5,5,2,4,4,4,1,0,1,1,0,1,0,1,0,0,0,1,0,0,0,1,0,2
68,14.0,1,1,1.0,4,2,2,3,5,3,3,4,2,4,4,4,0,0,0,0,1,0,0,0,0,0,0,0,1,0,1,0,3
69,25.0,1,1,3.0,4,4,3,3,3,2,3,2,2,3,4,4,1,0,0,0,1,1,0,0,1,0,0,0,1,0,1,0,2
70,33.0,1,1,3.0,2,4,3,2,2,2,1,1,1,1,2,2,0,0,1,0,0,0,0,0,1,0,0,1,0,0,0,1,1
71,23.0,1,1,2.0,5,5,5,5,5,5,5,5,5,5,5,5,1,0,1,0,1,0,0,0,1,0,0,0,1,0,1,0,2
72,14.0,0,1,5.0,4,4,2,2,4,2,4,2,4,4,4,5,0,0,1,1,1,1,1,1,1,0,0,0,1,0,1,0,3
73,38.0,1,1,1.0,5,2,1,3,2,1,1,3,1,2,1,2,1,0,0,0,1,0,0,1,1,0,0,1,0,0,0,1,1
74,23.0,0,1,4.0,4,4,3,3,4,5,3,2,4,5,5,4,1,1,0,0,1,0,0,0,1,0,0,0,1,1,0,0,2
75,26.0,1,1,0.0,2,1,1,3,2,1,1,1,1,2,3,4,0,0,0,0,1,0,0,0,0,0,0,0,1,0,0,1,2
76,24.0,1,1,2.0,4,5,3,4,3,2,2,3,4,5,4,2,0,1,0,0,1,0,0,0,1,0,0,0,1,0,1,0,2
77,21.0,0,1,3.0,4,3,4,4,5,4,5,1,2,4,4,2,1,1,1,0,0,1,1,1,1,0,0,0,1,0,1,0,2
78,18.0,0,1,3.0,4,3,3,3,5,5,4,3,1,5,5,5,0,1,0,0,1,0,0,0,1,0,0,0,1,0,1,0,3
79,28.0,1,1,3.0,2,5,4,3,5,5,5,2,1,5,3,5,1,1,0,0,1,0,0,0,1,0,0,0,1,0,1,0,2
80,22.0,1,1,2.0,4,4,4,5,5,5,3,3,1,4,4,5,1,0,1,0,1,1,0,1,1,0,0,0,1,0,1,0,2
81,21.0,1,1,5.0,4,4,2,5,4,4,3,3,2,1,5,4,1,1,1,1,1,1,0,0,1,0,0,0,1,0,1,0,2
82,21.0,1,1,5.0,5,5,3,5,4,5,2,3,2,4,5,2,1,0,1,0,1,1,0,0,1,0,0,0,1,0,1,0,2
83,21.0,0,1,4.0,3,5,5,5,3,5,4,4,3,4,5,5,0,1,1,1,0,0,0,0,1,0,1,0,0,0,1,0,2
84,17.0,1,1,2.0,4,4,3,4,5,4,3,2,4,2,4,2,0,1,1,0,1,0,0,1,1,0,0,0,1,0,1,0,3
86,22.0,0,1,1.0,3,4,3,4,1,3,1,2,2,2,4,4,0,1,0,0,0,0,0,0,1,0,1,0,0,0,1,0,2
87,32.0,0,1,1.0,4,3,2,5,2,5,2,4,1,1,2,1,0,0,0,0,1,0,0,0,0,0,0,1,0,0,0,1,1
88,22.0,1,1,2.0,5,4,2,2,1,3,1,3,5,3,2,2,0,1,0,0,0,0,0,0,1,0,0,0,1,0,1,0,2
89,20.0,0,1,2.0,4,5,4,5,5,5,4,2,4,5,5,4,0,1,1,1,0,1,0,0,1,0,1,0,0,0,1,0,2
90,22.0,1,1,2.0,3,5,2,4,4,4,2,3,2,4,4,3,0,1,1,0,0,1,0,0,1,0,1,0,0,0,1,0,2
91,28.0,0,1,3.0,4,5,4,5,5,5,2,3,2,4,5,2,0,1,0,0,0,0,0,0,1,0,0,0,1,0,1,0,2
92,22.0,0,1,5.0,4,3,3,4,5,4,1,3,2,4,2,1,0,1,1,0,0,1,0,1,1,0,0,0,1,0,1,0,2
94,30.0,0,1,4.0,4,5,3,2,4,4,3,3,3,4,4,4,0,0,1,0,0,0,0,0,0,0,0,0,1,0,0,1,2
95,22.0,1,1,5.0,5,5,1,3,2,5,2,1,1,3,1,5,1,1,1,0,0,1,0,0,1,0,0,0,1,0,1,0,2
96,14.0,1,1,4.0,5,5,2,4,2,3,1,3,1,1,3,5,1,0,1,0,0,0,0,0,1,0,0,0,1,0,1,0,3
97,20.0,1,1,5.0,4,2,1,2,1,1,2,2,1,4,3,2,0,0,0,0,1,0,0,0,1,0,0,0,1,0,1,0,2
98,22.0,0,1,5.0,4,4,4,4,4,5,5,3,4,5,5,3,0,1,1,1,0,0,0,0,1,0,0,0,1,0,1,0,2
99,16.0,1,1,4.0,4,5,2,5,3,4,3,1,4,2,1,3,1,1,1,0,0,1,1,0,1,0,0,0,1,0,1,0,3
100,22.0,0,1,2.0,3,4,3,4,4,3,2,2,3,3,2,3,0,1,1,0,0,0,0,1,1,0,1,0,0,0,1,0,2
101,22.0,1,1,1.0,5,4,3,4,4,2,1,1,1,5,3,5,1,1,1,1,1,1,0,1,1,0,1,0,0,0,1,0,2
102,22.0,1,1,3.0,3,4,3,3,4,3,2,3,3,4,3,3,0,0,1,0,0,0,0,0,0,0,0,0,1,0,1,0,2
103,22.0,1,1,1.0,4,3,4,3,5,5,3,3,4,3,5,5,0,1,1,1,0,1,0,1,1,0,0,0,1,0,1,0,2
104,21.0,0,1,4.0,2,3,4,3,3,3,3,4,4,1,3,3,0,1,1,1,0,1,0,0,1,0,0,0,1,0,1,0,2
105,23.0,0,1,4.0,2,3,4,3,3,3,3,4,3,2,4,5,0,1,0,0,0,0,0,0,1,0,0,0,1,0,1,0,2
106,23.0,0,1,2.0,3,2,2,4,2,2,1,3,3,3,4,5,0,1,1,0,0,0,1,0,0,0,0,0,1,0,1,0,2
107,48.0,0,1,1.0,1,1,1,1,3,2,1,3,2,1,1,1,0,1,0,0,0,0,0,0,1,0,0,1,0,0,0,1,0
108,21.0,0,1,3.0,3,2,1,3,2,3,2,1,3,2,2,5,0,1,1,0,0,1,0,0,1,0,1,0,0,0,1,0,2
109,47.0,0,1,2.0,4,3,3,3,2,2,2,3,3,3,3,3,0,1,1,1,0,0,0,0,1,0,0,1,0,0,0,1,0
110,48.0,1,1,2.0,3,3,4,4,4,4,4,3,3,2,3,3,0,1,1,0,0,0,0,0,1,0,0,1,0,0,0,1,0
111,26.0,0,1,5.0,4,5,4,4,5,3,5,4,3,4,2,3,0,1,1,1,0,0,0,0,1,0,0,0,1,0,0,1,2
112,47.0,1,1,2.0,4,3,4,4,3,3,2,3,1,2,2,4,0,1,0,0,0,0,0,0,1,0,0,1,0,0,0,1,0
113,47.0,1,1,1.0,2,4,3,3,3,3,3,3,2,2,3,4,0,1,1,0,0,1,0,0,0,0,0,1,0,0,0,1,0
114,27.0,0,1,5.0,2,5,4,4,3,2,5,1,4,4,4,1,0,1,1,0,0,1,0,0,1,0,0,0,1,0,0,1,2
115,34.0,0,1,5.0,5,5,4,5,3,1,3,3,3,2,5,4,0,1,0,0,0,0,0,0,0,0,0,1,0,0,0,1,1
116,20.0,0,1,2.0,5,5,5,5,5,5,3,1,1,3,3,5,0,1,1,0,0,0,0,0,0,0,0,0,1,0,1,0,2
117,22.0,0,1,5.0,5,4,5,4,5,4,3,3,4,3,3,4,0,1,0,0,0,0,0,0,0,0,0,0,1,0,1,0,2
118,23.0,0,1,5.0,5,5,5,5,5,4,5,5,4,5,4,5,1,1,1,0,0,1,1,0,1,0,1,0,0,0,1,0,2
119,20.0,1,1,4.0,4,5,3,4,3,5,2,3,3,4,4,5,0,1,1,0,0,0,0,0,1,0,0,0,1,0,1,0,2
120,48.0,0,1,0.0,2,4,1,3,2,1,1,3,2,1,1,1,0,1,1,0,0,0,0,0,0,0,0,1,0,0,0,1,0
121,20.0,0,1,3.0,4,3,1,2,4,2,4,2,1,3,3,3,0,1,1,0,0,0,1,0,1,0,0,0,1,0,1,0,2
122,20.0,0,1,4.0,4,5,5,5,2,5,2,3,1,5,4,3,0,1,0,1,0,1,0,0,1,0,0,0,1,0,1,0,2
123,22.0,0,1,5.0,4,5,4,5,5,5,3,1,1,4,2,2,0,1,1,0,0,1,0,0,1,0,0,0,1,0,1,0,2
124,22.0,0,1,5.0,5,5,3,3,2,3,4,5,4,1,4,1,0,0,1,0,0,0,0,0,0,0,0,0,1,0,1,0,2
125,20.0,0,1,5.0,4,4,3,5,4,3,2,2,2,4,5,3,0,1,1,0,0,1,0,0,1,0,0,0,1,0,1,0,2
126,24.0,1,1,2.0,1,1,3,3,4,4,3,3,2,4,4,4,1,1,1,0,0,1,0,1,1,0,0,0,1,0,1,0,2
127,23.0,0,1,5.0,3,2,4,3,5,3,5,1,4,4,2,5,0,1,1,1,0,1,1,0,1,0,0,0,1,0,1,0,2
128,20.0,0,1,3.0,5,2,1,2,1,1,5,1,1,4,5,3,0,1,1,0,0,0,0,0,1,0,0,0,1,0,1,0,2
129,16.0,1,1,2.0,3,1,2,3,3,2,2,4,1,3,3,2,0,0,1,1,0,1,0,0,1,0,0,0,1,0,1,0,3
130,50.0,0,1,2.0,2,1,1,3,3,2,1,4,3,1,1,4,1,1,1,1,0,0,0,0,1,0,0,0,1,0,0,1,0
131,47.0,1,1,1.0,4,2,2,3,2,1,4,2,3,3,2,2,0,1,0,0,0,0,0,0,1,0,0,1,0,0,0,1,0
132,24.0,1,1,2.0,3,3,2,3,4,3,2,4,2,3,1,4,0,1,1,0,0,0,0,1,1,0,0,0,1,0,0,1,2
133,38.0,0,1,0.0,3,2,3,2,2,1,3,1,1,2,1,1,0,1,0,0,0,0,0,0,0,0,0,1,0,0,0,1,1
134,50.0,1,0,1.0,2,1,1,2,2,2,1,4,1,2,2,1,0,0,1,0,0,0,0,0,1,1,0,0,0,0,0,1,0
135,49.0,1,1,4.0,5,5,3,3,4,3,3,3,3,4,4,5,0,1,1,1,0,0,0,1,1,0,0,1,0,1,0,0,0
136,47.0,0,1,2.0,3,3,3,3,3,2,1,3,1,1,1,4,0,1,0,1,0,0,0,0,1,0,0,1,0,0,0,1,0
137,48.0,0,1,2.0,3,3,1,3,1,1,1,1,1,1,1,1,0,1,1,1,0,0,0,1,1,0,0,1,0,0,0,1,0
138,51.0,1,1,1.0,4,3,2,3,3,4,3,3,3,3,3,3,0,1,1,1,0,1,0,1,1,0,0,1,0,0,0,1,0
139,50.0,1,1,3.0,4,3,4,5,5,4,3,4,3,4,4,2,0,1,1,0,0,0,0,1,1,0,0,1,0,0,0,1,0
140,47.0,0,1,3.0,3,2,2,2,2,2,3,4,1,1,2,1,0,1,1,1,0,0,0,1,1,0,0,1,0,0,0,1,0
141,27.0,0,1,4.0,4,5,2,5,5,5,5,2,3,3,5,4,0,1,1,0,0,0,0,0,1,0,0,1,0,0,0,1,2
142,40.0,0,1,1.0,4,2,1,2,4,3,3,3,3,4,3,1,0,1,1,0,0,0,0,1,1,0,0,0,1,0,0,1,1
143,46.0,1,1,0.0,3,1,1,1,2,1,1,3,5,2,2,2,0,1,1,0,0,1,0,1,1,1,0,0,0,0,0,1,0
144,21.0,0,1,4.0,4,3,4,3,3,2,5,2,3,5,5,5,1,1,1,0,0,1,0,0,1,0,0,0,1,0,1,0,2
145,47.0,0,1,1.0,4,4,3,3,2,2,4,2,3,3,3,3,0,1,0,0,0,0,0,0,0,0,0,1,0,0,0,1,0
146,20.0,0,1,5.0,4,4,3,4,4,4,5,1,4,4,3,4,1,1,1,1,0,1,0,1,1,0,1,0,0,0,1,0,2
147,47.0,0,1,1.0,3,4,3,4,5,4,2,2,1,2,3,2,0,1,1,0,0,0,0,1,1,0,0,1,0,0,0,1,0
148,48.0,1,1,3.0,3,3,3,3,2,2,3,3,3,2,3,2,0,1,1,0,0,0,0,0,1,0,0,1,0,0,0,1,0
149,49.0,1,1,4.0,4,3,2,2,2,2,2,4,2,2,2,4,0,1,0,0,0,0,0,0,1,0,0,1,0,0,0,1,0
150,21.0,1,1,3.0,3,2,1,1,2,2,2,4,3,2,2,2,1,1,0,0,0,0,0,0,1,0,1,0,0,0,1,0,2
151,32.0,0,1,4.0,5,2,4,3,2,1,1,5,1,1,2,5,1,1,1,1,0,0,0,0,1,0,0,1,0,0,0,1,1
152,47.0,0,1,2.0,3,1,2,3,2,2,3,3,2,2,2,3,0,0,1,0,0,0,0,1,1,0,0,1,0,0,0,1,0
153,50.0,1,1,1.0,1,1,2,3,2,2,1,1,3,3,2,2,0,1,0,0,0,0,0,1,1,0,0,1,0,0,0,1,0
154,48.0,1,1,0.0,5,1,1,2,4,2,1,3,3,4,2,5,0,1,1,0,0,0,0,1,1,1,0,0,0,0,0,1,0
155,21.0,0,1,3.0,2,2,1,5,4,5,3,3,2,3,5,4,0,1,1,1,0,0,0,0,1,0,1,0,0,0,1,0,2
156,47.0,1,1,0.0,1,1,2,5,3,4,2,3,1,2,4,4,0,0,0,0,0,0,0,1,0,0,0,1,0,0,0,1,0
157,36.0,0,1,2.0,3,2,1,2,4,4,1,1,1,1,1,4,0,0,0,0,0,0,0,0,1,0,0,1,0,0,0,1,1
158,37.0,0,1,1.0,3,1,2,2,1,3,1,2,2,4,2,4,0,1,1,0,0,0,0,0,1,0,0,1,0,1,0,0,1
159,19.0,0,1,4.0,5,4,4,3,5,4,2,5,4,4,5,5,0,1,0,0,0,0,0,0,0,0,1,0,0,0,1,0,2
160,30.0,1,1,1.0,4,2,1,2,2,1,4,2,2,2,2,5,0,1,1,0,0,0,0,0,1,0,1,0,0,0,0,1,2
161,48.0,1,1,0.0,3,1,1,1,1,1,5,3,2,1,5,2,1,1,1,1,1,1,1,1,1,0,0,1,0,0,0,1,0
162,48.0,0,1,5.0,4,5,5,5,4,5,3,3,2,3,5,4,0,1,1,1,0,0,1,0,1,0,0,1,0,1,0,0,0
163,48.0,1,1,3.0,3,2,3,3,4,3,2,3,2,3,3,4,0,0,0,0,0,0,0,1,1,0,0,1,0,0,0,1,0
164,47.0,1,1,2.0,3,2,3,5,5,5,2,5,2,3,2,4,0,0,1,0,1,0,1,1,1,0,0,1,0,0,0,1,0
165,47.0,0,1,0.0,2,2,2,3,2,2,4,3,2,2,2,2,0,1,0,0,0,0,0,1,0,0,0,1,0,0,0,1,0
166,48.0,1,1,0.0,5,1,1,2,2,1,1,1,1,2,1,4,0,1,0,1,0,0,0,0,1,0,0,1,0,0,0,1,0
167,21.0,1,1,2.0,2,4,2,3,2,1,3,5,3,2,1,4,0,1,1,1,0,0,0,1,1,0,0,0,1,0,1,0,2
168,48.0,1,1,1.0,2,2,1,2,1,1,2,3,1,1,2,2,0,0,0,0,0,0,0,1,1,0,0,1,0,0,0,1,0
169,21.0,1,1,0.0,2,3,2,4,3,3,2,3,1,2,2,1,1,1,1,0,0,1,0,1,1,0,1,0,0,0,1,0,2
170,20.0,1,1,5.0,5,5,5,4,2,4,3,3,1,3,3,4,1,0,1,0,1,1,1,1,1,0,0,0,1,0,1,0,2
171,20.0,0,1,3.0,4,5,4,4,5,5,5,2,2,3,4,4,0,1,0,0,0,0,0,0,1,0,0,0,1,0,1,0,2
172,20.0,1,1,1.0,5,5,2,3,4,5,3,2,4,5,5,5,0,1,1,0,0,0,0,0,1,0,0,0,1,0,1,0,2
173,21.0,0,1,1.0,4,4,4,4,4,2,4,3,4,3,3,1,0,1,1,0,0,1,0,0,1,0,0,0,1,0,1,0,2
174,20.0,0,1,4.0,4,3,5,5,4,4,5,4,3,4,4,5,0,0,1,1,0,0,0,0,1,0,1,0,0,0,1,0,2
175,47.0,1,1,2.0,4,3,3,2,4,3,1,2,1,1,2,1,0,0,1,0,1,0,1,1,1,0,0,1,0,0,0,1,0
176,35.0,0,1,0.0,3,2,1,1,1,1,1,3,4,1,1,1,0,1,0,0,0,0,0,0,1,1,0,0,0,0,0,1,1
177,23.0,0,1,3.0,5,3,3,4,3,5,1,3,3,4,3,5,0,0,0,1,0,0,0,0,0,0,0,0,1,0,1,0,2
178,21.0,0,1,4.0,3,5,4,5,5,4,3,2,1,3,5,5,0,1,1,1,0,1,0,1,1,0,0,0,1,0,1,0,2
179,21.0,0,1,2.0,3,2,5,2,4,1,3,2,4,4,2,1,0,1,1,1,0,0,0,0,1,0,1,0,0,0,1,0,2
180,37.0,0,1,1.0,5,4,4,3,5,2,5,2,2,4,4,5,0,1,0,0,0,0,0,0,1,0,0,1,0,0,0,1,1
181,48.0,1,1,1.0,4,2,2,3,2,2,2,3,3,3,3,4,0,1,1,0,0,0,0,1,1,0,0,1,0,0,0,1,0
182,47.0,1,1,0.0,3,1,1,2,4,2,3,3,2,1,2,3,0,1,0,0,0,0,1,0,1,0,0,1,0,0,0,1,0
183,25.0,0,1,4.0,3,4,5,4,5,4,2,4,4,5,3,2,0,1,1,1,1,0,1,1,1,0,0,1,0,0,0,1,2
184,22.0,0,1,5.0,5,5,4,5,4,3,2,3,3,3,4,4,1,1,1,1,0,1,1,1,1,0,1,0,0,0,1,0,2
185,45.0,1,1,2.0,3,2,3,3,3,3,3,2,2,2,2,2,0,1,0,0,0,0,0,0,1,0,0,1,0,0,0,1,1
186,47.0,1,1,1.0,4,3,2,4,3,2,2,3,3,3,2,1,0,0,1,0,0,0,0,0,1,0,0,1,0,0,0,1,0
187,47.0,0,1,4.0,4,5,2,3,3,1,3,3,1,3,3,1,0,1,1,1,0,0,0,1,1,0,0,0,1,0,0,1,0
188,24.0,0,1,5.0,5,3,4,3,4,5,3,3,3,4,3,4,0,1,1,1,0,0,0,0,0,0,0,1,0,0,1,0,2
189,21.0,0,1,2.0,5,5,5,5,1,5,2,5,5,2,5,5,0,0,1,0,0,0,0,0,0,0,1,0,0,0,1,0,2
190,22.0,0,1,2.0,3,2,2,2,2,2,1,3,3,4,2,1,1,1,0,1,1,0,0,0,1,0,0,0,1,0,1,0,2
191,19.0,0,1,2.0,3,4,3,3,3,3,3,5,3,4,3,1,1,1,1,1,0,1,1,0,1,0,0,0,1,0,1,0,2
192,21.0,0,1,4.0,3,3,2,4,2,4,3,2,1,4,4,4,0,1,1,0,0,1,0,0,1,0,1,0,0,0,1,0,2
193,22.0,0,1,5.0,5,3,3,3,5,3,2,3,4,5,3,4,0,1,1,0,0,1,0,0,1,0,1,0,0,0,1,0,2
194,20.0,1,1,3.0,4,5,4,4,5,4,1,3,4,4,5,5,1,1,1,0,0,1,1,0,1,0,0,0,1,0,1,0,2
195,42.0,0,1,2.0,3,1,1,1,1,1,1,3,1,1,3,1,1,1,1,1,0,0,0,0,1,0,0,1,0,0,0,1,1
196,35.0,0,1,2.0,5,3,2,2,1,3,2,4,1,3,2,2,0,1,0,0,0,0,0,0,0,0,0,1,0,0,0,1,1
197,38.0,1,1,4.0,3,3,3,2,3,2,3,4,3,2,2,2,1,1,0,0,1,0,0,1,1,0,0,1,0,0,0,1,1
198,17.0,1,1,0.0,2,2,2,2,2,1,1,2,1,1,1,2,0,1,1,0,0,0,0,0,1,0,0,0,1,0,1,0,3
199,32.0,1,1,1.0,3,1,3,2,2,1,1,3,1,1,2,1,1,1,0,0,1,0,0,0,1,0,0,1,0,0,0,1,1
200,21.0,0,1,1.0,3,3,2,5,4,5,4,2,2,2,3,2,1,1,1,0,0,1,0,1,1,0,0,0,1,0,1,0,2
201,22.0,1,1,3.0,4,2,2,2,4,3,2,4,2,3,2,5,1,1,1,0,1,1,0,0,1,0,1,0,0,0,1,0,2
202,27.0,0,1,5.0,5,5,3,3,3,3,1,3,1,3,3,4,0,1,1,0,0,0,0,0,1,0,0,1,0,0,1,0,2
203,21.0,1,1,3.0,4,5,3,5,5,5,5,2,4,3,5,3,1,1,1,0,1,0,1,0,1,0,1,0,0,0,1,0,2
204,27.0,1,1,5.0,5,5,5,5,5,5,1,3,1,5,5,5,1,1,0,0,1,0,0,0,0,0,0,1,0,0,0,1,2
205,20.0,1,1,2.0,3,2,3,2,3,2,3,2,3,2,1,4,1,0,1,1,1,0,1,0,0,0,0,0,1,0,1,0,2
206,27.0,0,1,3.0,4,4,4,5,4,3,2,2,1,1,3,2,0,1,1,0,0,0,0,0,1,0,0,1,0,0,0,1,2
207,24.0,1,1,3.0,5,5,5,5,1,5,5,4,1,5,5,4,1,1,1,0,0,0,0,0,1,0,0,0,1,0,1,0,2
208,26.0,0,1,2.0,3,2,1,1,1,1,1,1,1,1,1,1,0,1,1,1,0,1,0,0,1,0,0,0,1,0,0,1,2
209,20.0,0,1,3.0,2,1,1,2,5,3,5,4,3,4,3,4,1,0,1,1,1,1,1,1,1,0,0,0,1,0,1,0,2
210,31.0,1,1,2.0,3,3,3,3,4,3,4,4,4,3,3,2,1,1,1,0,0,0,0,0,1,0,0,0,1,0,0,1,1
211,21.0,1,1,5.0,5,1,1,1,1,1,1,3,1,1,1,1,1,0,0,0,1,0,0,0,1,0,0,0,1,0,1,0,2
212,34.0,1,1,5.0,5,3,2,3,3,4,4,4,5,5,5,5,0,1,0,0,0,0,1,0,1,0,0,1,0,0,0,1,1
213,22.0,1,1,0.0,1,1,1,1,1,1,1,1,1,1,1,1,0,1,0,0,0,1,0,0,1,0,0,0,1,0,1,0,2
214,20.0,0,1,5.0,3,3,1,3,5,3,2,3,5,4,5,1,0,0,1,0,0,0,0,0,0,0,1,0,0,0,1,0,2
215,23.0,1,1,4.0,4,2,1,1,3,1,1,3,1,3,2,1,1,1,1,0,1,0,0,1,1,0,1,0,0,0,1,0,2
216,48.0,1,1,0.0,1,1,1,1,1,1,5,5,3,1,1,1,0,1,0,0,0,0,0,0,1,0,0,1,0,0,0,1,0
217,37.0,1,1,1.0,4,4,1,3,4,4,4,4,3,2,3,2,0,1,0,0,0,0,0,0,1,0,0,1,0,0,0,1,1
218,22.0,1,1,1.0,3,3,2,3,4,4,4,4,3,5,4,4,0,1,1,0,0,1,0,0,1,0,0,0,1,0,1,0,2
219,50.0,1,1,1.0,3,2,3,3,3,5,4,5,5,2,4,3,0,1,0,0,0,0,0,0,0,0,0,0,1,0,0,1,0
220,21.0,0,1,5.0,4,4,4,5,5,5,4,2,3,3,4,4,0,1,1,0,0,1,0,1,1,0,1,0,0,0,1,0,2
221,23.0,0,1,2.0,4,4,1,3,2,2,1,2,1,2,4,1,1,1,1,1,0,1,0,1,1,0,0,0,1,0,1,0,2
222,21.0,0,1,1.0,4,3,1,3,4,3,5,2,3,3,4,3,0,1,0,0,0,0,0,0,1,0,0,0,1,0,1,0,2
223,22.0,0,1,3.0,3,3,3,3,3,2,2,3,3,3,3,3,1,1,1,1,0,1,0,1,1,0,0,0,1,0,1,0,2
224,22.0,0,1,5.0,3,1,4,4,3,4,3,4,3,4,4,3,0,1,0,0,0,0,0,0,0,0,1,0,0,0,1,0,2
225,22.0,0,1,5.0,2,5,3,3,3,4,5,3,3,2,4,3,0,1,1,0,0,1,1,0,1,0,1,0,0,0,1,0,2
226,19.0,0,1,3.0,5,4,5,3,5,4,5,1,5,4,4,3,1,1,1,1,0,1,0,0,1,0,0,0,1,0,1,0,2
227,23.0,0,1,2.0,5,5,3,5,3,5,1,3,2,2,2,5,0,1,1,0,0,0,0,0,1,0,0,0,1,0,1,0,2
228,46.0,1,1,0.0,2,1,1,1,1,1,1,2,1,1,3,4,0,1,0,0,0,0,0,0,1,0,0,1,0,0,0,1,0
229,21.0,1,1,5.0,4,5,3,4,4,4,3,3,4,4,4,5,0,1,1,0,0,0,0,0,1,0,1,0,0,0,1,0,2
230,24.0,0,1,5.0,2,3,1,2,4,3,4,4,3,4,1,1,1,1,1,0,0,0,0,0,1,0,1,0,0,0,1,0,2
231,20.0,0,1,0.0,3,1,1,1,2,2,5,1,2,1,3,1,0,1,1,0,0,0,0,0,1,0,0,0,1,0,1,0,2
232,25.0,1,1,1.0,5,5,1,1,2,3,4,5,3,5,2,5,0,0,0,0,0,0,0,0,1,0,0,0,1,0,1,0,2
233,21.0,0,1,3.0,2,1,1,2,2,1,1,1,1,1,1,1,1,1,0,1,0,0,0,0,1,0,0,0,1,0,1,0,2
234,23.0,1,1,5.0,4,4,3,5,4,4,4,2,1,4,4,3,1,1,1,0,1,0,1,1,1,0,1,0,0,0,1,0,2
235,22.0,0,1,5.0,5,4,4,4,4,3,4,4,4,4,5,1,1,0,1,0,1,0,1,0,1,0,1,0,0,0,0,1,2
236,36.0,1,1,0.0,2,1,1,2,3,1,3,3,1,2,1,1,0,1,1,1,0,0,0,0,1,0,0,1,0,0,0,1,1
237,22.0,0,1,2.0,5,5,3,5,5,2,3,1,2,5,3,5,0,1,1,1,0,1,1,0,1,0,0,0,1,0,1,0,2
239,25.0,0,1,4.0,3,4,2,5,5,1,5,1,5,4,5,5,0,1,1,0,0,0,0,0,1,0,0,0,1,0,0,1,2
240,22.0,0,1,4.0,4,2,1,5,4,3,5,1,4,4,4,2,0,1,1,0,0,1,1,1,1,0,0,0,1,0,1,0,2
241,23.0,1,1,3.0,3,4,2,5,5,5,5,4,4,2,3,4,1,1,1,0,0,1,1,0,1,0,0,0,1,0,1,0,2
242,23.0,1,1,0.0,3,2,1,3,4,3,3,3,2,3,2,5,0,1,1,0,0,0,0,0,0,0,0,0,1,0,1,0,2
243,19.0,0,1,3.0,5,3,2,3,5,5,2,3,3,3,5,5,1,1,1,0,0,0,0,0,1,0,0,0,1,0,1,0,2
244,21.0,0,1,1.0,3,5,2,4,2,2,1,4,2,3,2,3,1,1,1,0,1,1,0,0,1,0,0,0,1,0,1,0,2
245,27.0,0,1,4.0,5,5,3,4,4,4,4,2,3,4,4,2,0,1,1,0,0,1,0,0,1,0,1,0,0,0,0,1,2
246,25.0,0,1,5.0,4,3,1,2,4,3,4,2,2,4,2,1,1,1,0,0,0,0,0,0,1,0,0,0,1,0,1,0,2
247,20.0,0,1,2.0,4,2,1,3,4,1,1,5,1,2,2,3,0,1,1,0,0,1,0,0,1,0,0,0,1,0,1,0,2
248,34.0,0,1,1.0,2,5,1,1,1,5,2,3,5,1,2,1,0,1,0,0,0,0,0,0,0,0,0,1,0,0,0,1,1
249,23.0,0,1,5.0,5,5,3,3,5,3,3,4,3,4,5,4,1,1,1,1,0,1,0,0,1,0,0,0,1,0,1,0,2
250,34.0,0,1,1.0,2,2,1,1,1,1,2,1,1,1,1,1,0,1,0,0,0,0,0,0,0,0,0,1,0,0,0,1,1
251,26.0,0,1,4.0,5,5,3,5,5,5,3,3,3,5,4,4,1,1,1,1,0,0,1,0,1,0,0,0,1,0,0,1,2
252,25.0,1,1,4.0,4,5,2,5,1,5,2,3,4,5,1,5,1,1,1,1,0,1,1,1,1,0,0,0,1,0,1,0,2
253,22.0,0,1,2.0,5,4,2,3,3,2,1,3,2,2,3,3,0,1,1,1,0,0,0,0,1,0,0,1,0,0,1,0,2
254,20.0,1,1,0.0,4,2,1,3,5,2,1,4,2,2,4,2,1,1,1,0,1,1,0,1,1,0,0,0,1,0,1,0,2
255,23.0,0,1,5.0,4,5,3,4,5,5,5,1,3,3,4,5,0,1,1,0,0,1,0,0,1,0,0,0,1,0,1,0,2
257,22.0,0,1,4.0,4,1,2,1,1,1,1,2,1,1,2,3,1,1,1,0,0,1,0,0,1,0,0,0,1,0,1,0,2
258,23.0,0,1,5.0,3,3,2,3,3,4,3,3,4,4,3,2,0,1,1,0,0,0,1,0,1,0,0,0,1,0,1,0,2
259,21.0,0,1,2.0,2,3,4,2,3,4,2,4,2,3,1,4,1,1,1,0,0,0,0,0,0,0,1,0,0,0,1,0,2
260,36.0,0,1,1.0,4,1,1,2,2,1,1,3,2,2,3,3,0,1,0,0,0,1,0,0,1,0,0,1,0,0,0,1,1
261,21.0,0,1,2.0,3,3,2,3,5,4,3,3,3,5,5,4,1,1,1,0,0,1,1,0,1,0,1,0,0,0,1,0,2
262,22.0,0,1,1.0,2,2,2,2,2,3,4,3,3,3,2,2,0,1,1,0,0,0,0,0,1,0,0,0,1,0,1,0,2
263,22.0,1,1,5.0,4,4,3,4,2,4,4,3,4,3,4,3,1,1,1,1,1,0,1,1,1,0,0,0,1,0,1,0,2
264,22.0,0,1,5.0,5,2,5,4,4,4,4,3,2,2,3,2,0,1,1,0,0,1,0,0,1,0,0,0,1,0,1,0,2
265,20.0,0,1,3.0,3,3,3,3,4,3,4,3,3,3,3,2,1,1,1,0,0,0,0,0,1,0,0,0,1,0,1,0,2
266,26.0,0,1,5.0,4,4,1,3,3,2,2,4,1,2,2,4,0,1,1,0,0,0,0,1,1,0,1,0,0,0,0,1,2
267,21.0,1,1,2.0,3,3,2,5,5,4,2,3,2,4,2,4,0,0,0,0,0,0,0,0,1,0,0,0,1,0,1,0,2
268,20.0,0,1,5.0,4,5,3,5,5,5,2,3,1,3,4,5,0,1,1,1,0,1,1,0,1,0,0,0,1,0,1,0,2
269,21.0,0,1,5.0,3,2,1,2,3,1,1,3,1,3,3,2,1,1,0,1,0,0,0,1,1,0,1,0,0,0,1,0,2
270,19.0,0,1,5.0,3,2,1,5,2,3,1,3,1,2,1,5,1,1,1,1,1,1,1,1,1,0,0,0,1,0,1,0,2
271,20.0,0,1,5.0,4,5,5,5,5,5,5,1,4,5,5,5,1,1,1,1,0,1,1,0,1,0,0,0,1,0,1,0,2
272,22.0,0,1,3.0,5,4,3,4,4,3,2,3,4,3,3,4,1,1,1,1,1,1,1,1,1,0,0,0,1,0,1,0,2
273,23.0,1,1,1.0,2,2,1,5,5,5,1,3,1,5,1,5,1,0,0,0,1,0,0,0,1,0,0,0,1,0,1,0,2
274,21.0,1,1,2.0,4,4,4,5,5,4,4,2,3,3,4,3,1,1,1,0,1,0,0,1,1,0,0,0,1,0,1,0,2
275,21.0,0,1,3.0,5,4,2,5,5,4,4,3,3,5,5,5,1,1,1,1,0,1,1,0,1,0,1,0,0,0,1,0,2
276,22.0,1,1,4.0,5,5,3,5,5,5,5,5,5,5,5,5,1,1,1,0,0,1,0,0,1,0,1,0,0,0,1,0,2
277,26.0,1,1,5.0,5,5,5,5,5,5,5,5,1,5,5,5,1,1,1,0,0,0,0,0,1,0,0,0,1,0,0,1,2
278,22.0,0,1,2.0,4,4,2,3,5,3,1,3,4,5,2,2,1,1,1,0,0,0,0,0,1,0,1,0,0,0,1,0,2
279,17.0,1,1,2.0,3,4,3,3,3,3,5,3,4,5,3,4,1,0,0,0,0,0,0,0,0,0,0,0,1,0,1,0,3
280,23.0,1,1,5.0,4,3,3,4,5,4,5,4,4,3,4,5,1,1,1,1,0,0,1,0,1,0,0,0,1,0,1,0,2
281,21.0,1,1,3.0,2,4,2,4,5,4,5,4,4,4,3,3,1,1,1,1,1,0,0,0,1,0,0,0,1,0,1,0,2
282,22.0,0,1,5.0,1,1,1,1,1,1,2,2,1,2,1,2,0,1,1,0,0,1,0,0,1,0,0,0,1,0,1,0,2
283,20.0,1,1,5.0,4,5,3,2,5,3,4,2,1,5,4,5,1,1,1,0,0,1,1,1,1,0,0,0,1,0,1,0,2
284,24.0,0,1,4.0,4,4,3,4,4,4,3,3,3,4,4,4,0,1,1,0,0,0,0,1,1,0,0,0,1,0,1,0,2
285,22.0,0,1,3.0,4,4,2,5,4,5,3,2,2,3,4,4,0,1,1,0,0,1,0,0,1,0,0,0,1,0,1,0,2
286,24.0,1,1,3.0,4,3,2,3,2,3,2,1,3,2,3,2,1,1,1,0,0,0,0,1,1,0,0,0,1,0,1,0,2
287,22.0,0,1,5.0,3,4,4,5,5,4,5,2,4,5,4,4,0,1,1,1,0,1,0,0,1,0,0,0,1,0,1,0,2
288,26.0,1,1,4.0,3,3,2,2,4,2,2,3,4,4,2,2,1,1,1,1,0,1,0,1,1,0,1,0,0,0,1,0,2
289,24.0,0,1,3.0,2,1,1,2,4,2,1,1,3,3,2,4,1,1,1,1,0,0,0,0,1,0,1,0,0,0,0,1,2
290,22.0,0,1,2.0,3,4,1,2,2,3,3,3,3,3,4,4,0,1,0,0,0,0,0,0,1,0,0,0,1,0,1,0,2
291,25.0,0,1,3.0,3,2,1,2,4,3,3,3,2,4,2,3,1,1,1,0,0,1,0,0,1,0,1,0,0,0,1,0,2
292,21.0,0,1,4.0,4,5,3,4,4,5,2,3,3,4,5,4,1,1,1,1,1,1,1,0,1,0,0,0,1,0,1,0,2
293,20.0,0,1,2.0,4,4,4,4,4,4,5,5,4,5,5,5,0,1,1,0,0,1,1,0,1,0,1,0,0,0,1,0,2
294,22.0,0,1,1.0,3,3,1,3,1,1,1,3,5,1,1,1,0,1,1,0,0,0,0,0,1,0,0,0,1,0,1,0,2
295,25.0,0,1,2.0,2,1,3,2,4,4,3,3,1,2,1,1,0,1,1,1,0,1,0,1,1,0,1,0,0,0,0,1,2
296,17.0,1,1,4.0,2,1,4,2,5,2,4,3,1,4,2,2,1,1,0,0,0,0,0,0,0,0,0,0,1,0,1,0,3
297,22.0,0,1,2.0,4,2,3,3,5,4,4,3,3,4,3,5,0,1,1,0,0,0,0,1,1,0,0,0,1,0,1,0,2
298,26.0,1,1,1.0,3,4,2,4,4,4,2,2,1,3,3,2,0,1,1,0,1,0,0,1,1,0,0,0,1,0,1,0,2
299,22.0,0,1,2.0,2,3,2,3,3,3,4,3,3,5,3,3,0,1,0,0,0,0,0,0,0,0,0,0,1,0,1,0,2
300,23.0,1,1,2.0,3,4,5,3,5,3,3,3,3,5,1,4,0,1,1,1,0,1,0,0,1,0,1,0,0,0,1,0,2
301,25.0,1,1,2.0,4,2,2,3,5,4,1,1,2,5,5,5,0,1,1,0,0,1,0,0,1,0,0,0,1,0,0,1,2
302,21.0,1,1,2.0,4,5,3,5,2,5,2,3,4,4,5,2,1,0,1,0,1,1,0,0,1,0,0,0,1,0,1,0,2
303,30.0,0,1,2.0,4,5,4,3,3,5,4,3,1,4,4,5,0,1,0,0,0,0,1,0,0,0,0,0,1,0,0,1,2
304,23.0,0,1,3.0,2,4,1,3,4,3,4,2,2,3,3,2,0,1,1,0,0,0,0,0,1,0,0,0,1,0,1,0,2
305,22.0,1,1,4.0,4,5,4,5,5,4,3,3,3,3,4,2,1,1,1,0,1,1,1,1,1,0,1,0,0,0,0,1,2
306,21.0,0,1,4.0,5,5,5,4,4,3,5,2,2,5,4,3,0,1,1,0,0,0,0,0,1,0,1,0,0,0,1,0,2
307,20.0,0,1,3.0,5,3,2,4,2,2,1,3,5,1,4,1,0,1,0,0,0,0,0,0,1,0,1,0,0,0,1,0,2
308,18.0,0,1,5.0,3,2,2,2,4,2,1,3,3,2,3,4,1,1,1,1,0,1,0,0,1,0,0,0,1,0,1,0,3
309,20.0,0,1,3.0,3,3,2,2,4,2,2,3,2,2,3,1,0,0,1,0,0,0,0,1,1,0,0,0,1,0,1,0,2
310,15.0,0,1,3.0,4,3,1,3,5,3,3,3,1,5,4,5,1,0,1,1,0,0,0,0,1,0,0,0,1,0,1,0,3
311,22.0,1,1,5.0,5,3,2,3,5,5,1,3,1,3,4,5,1,1,1,1,1,1,0,1,1,0,0,0,1,0,1,0,2
312,17.0,0,1,5.0,2,5,4,5,3,5,2,2,3,2,4,2,0,1,1,1,0,1,1,0,1,0,0,0,1,0,1,0,3
313,21.0,1,1,1.0,2,3,1,4,5,4,3,3,1,5,5,5,0,1,1,0,0,0,0,0,0,0,0,0,1,0,1,0,2
314,22.0,0,1,5.0,5,1,4,1,4,4,3,4,2,4,5,4,0,1,1,0,0,1,1,1,1,0,0,0,1,0,1,0,2
315,23.0,0,1,5.0,4,3,3,4,4,5,4,4,3,3,3,4,0,1,0,0,0,0,0,0,0,0,0,1,0,0,1,0,2
316,24.0,1,1,3.0,2,1,1,1,4,1,1,3,1,3,1,3,1,1,1,1,1,1,0,1,1,0,0,0,1,0,1,0,2
317,21.0,0,1,5.0,4,5,4,5,3,5,3,3,2,5,5,4,0,1,1,0,0,1,0,0,1,0,1,0,0,0,1,0,2
318,22.0,0,1,5.0,5,5,5,5,5,5,5,1,4,5,5,5,0,1,1,1,0,1,1,0,1,0,0,0,1,0,1,0,2
319,22.0,0,1,5.0,5,5,5,5,5,5,5,5,5,5,5,5,1,1,0,0,0,1,0,0,1,0,0,0,1,0,1,0,2
320,21.0,0,1,5.0,3,4,5,4,5,4,5,5,3,5,4,5,0,1,1,0,0,1,1,1,1,0,0,0,1,0,1,0,2
321,21.0,0,1,5.0,3,3,2,2,4,4,4,3,3,4,2,4,1,1,1,1,0,1,0,0,1,0,0,0,1,0,1,0,2
322,18.0,1,1,5.0,5,4,1,2,4,3,1,3,3,3,3,5,1,1,1,1,1,0,0,1,1,0,0,0,1,0,1,0,3
323,19.0,1,1,0.0,3,2,1,2,4,2,2,3,4,2,2,5,1,1,1,0,0,1,0,1,1,0,0,0,1,0,1,0,2
324,22.0,1,1,5.0,5,4,2,4,5,5,1,1,1,5,1,5,1,1,1,0,1,1,0,1,1,0,0,0,1,0,1,0,2
326,21.0,0,1,3.0,5,5,4,5,5,4,5,5,3,5,3,5,1,1,1,0,0,1,1,0,1,0,0,0,1,0,1,0,2
327,22.0,1,1,2.0,4,5,4,4,5,5,2,2,5,5,5,4,1,1,1,1,0,0,0,0,1,0,0,0,1,0,1,0,2
328,21.0,0,1,2.0,4,4,1,3,2,2,2,2,2,4,3,2,0,1,1,1,0,1,1,0,0,0,0,0,1,0,1,0,2
329,23.0,1,1,2.0,5,4,3,5,4,5,3,2,2,4,4,4,1,1,1,1,1,1,1,1,1,0,0,1,0,0,1,0,2
330,19.0,1,1,3.0,4,2,2,2,3,1,2,5,1,1,3,4,1,1,1,1,1,1,1,1,1,0,0,0,1,0,1,0,2
331,26.0,1,1,2.0,4,3,2,4,3,3,4,3,1,4,2,2,1,1,1,0,1,1,0,1,1,0,0,0,1,0,0,1,2
332,27.0,1,1,2.0,5,5,2,2,1,1,2,4,1,3,2,3,0,1,1,1,1,0,0,1,1,0,0,0,1,0,0,1,2
333,25.0,0,1,5.0,5,5,4,4,5,1,2,2,3,5,2,4,0,1,1,1,0,0,1,0,1,0,0,0,1,0,1,0,2
334,20.0,0,1,4.0,3,3,3,3,3,3,3,3,3,3,3,3,1,1,1,0,0,0,0,0,1,0,0,0,1,0,1,0,2
335,20.0,0,1,5.0,4,2,4,3,5,4,1,3,2,4,4,2,0,1,1,0,0,1,0,1,1,0,0,0,1,0,1,0,2
336,22.0,1,1,3.0,4,4,1,3,3,1,1,1,1,1,2,2,1,1,1,1,1,1,0,1,1,0,0,0,1,0,1,0,2
337,18.0,0,1,3.0,5,5,2,5,4,5,5,2,4,4,5,5,0,1,1,0,0,0,0,0,1,0,0,0,1,0,1,0,3
338,22.0,1,1,2.0,4,3,2,3,4,3,2,4,1,3,1,3,1,1,1,0,1,1,0,0,1,0,1,0,0,0,1,0,2
339,20.0,1,1,1.0,3,3,2,3,5,3,1,3,4,5,3,2,0,1,1,0,1,1,0,1,0,0,0,0,1,0,0,1,2
340,24.0,1,1,5.0,5,3,5,5,4,5,1,3,1,3,5,1,1,0,0,0,0,0,0,0,1,0,0,0,1,0,0,1,2
341,21.0,1,1,4.0,3,4,3,3,5,5,4,4,4,3,4,3,0,1,1,0,0,0,0,0,1,0,0,0,1,0,1,0,2
342,29.0,0,1,3.0,5,3,1,3,5,3,2,2,1,5,5,5,0,1,1,0,0,0,0,0,0,0,0,0,1,0,0,1,2
343,21.0,1,1,1.0,4,4,3,3,5,2,4,2,2,2,4,5,1,1,1,0,0,1,1,0,1,0,0,0,1,0,1,0,2
344,19.0,0,1,5.0,3,5,4,3,5,4,1,5,1,5,5,5,1,1,1,1,1,1,1,0,1,0,0,0,1,0,1,0,2
345,21.0,0,1,2.0,5,4,3,4,4,4,2,3,1,5,4,2,1,1,1,0,0,1,0,0,1,0,1,0,0,0,1,0,2
346,43.0,1,1,0.0,2,1,1,1,1,1,1,3,3,1,1,1,0,1,0,0,0,0,0,0,1,0,0,1,0,0,0,1,1
347,22.0,0,1,4.0,5,5,3,4,4,4,4,1,1,4,2,1,1,1,1,1,1,1,1,1,1,0,0,1,0,0,1,0,2
348,24.0,1,1,4.0,4,5,3,5,5,5,1,3,1,3,2,1,1,1,1,0,1,1,0,1,1,0,1,0,0,0,1,0,2
349,18.0,0,1,5.0,5,5,3,3,5,4,1,3,1,5,4,4,0,1,0,0,0,0,0,0,1,0,0,0,1,0,1,0,3
350,19.0,0,1,3.0,4,3,1,3,4,4,2,3,1,4,3,5,1,1,1,0,0,1,0,0,1,0,0,0,1,0,1,0,2
351,37.0,0,1,1.0,2,2,1,3,3,2,2,3,1,3,3,4,0,1,0,0,0,0,0,0,1,0,1,0,0,0,0,1,1
352,24.0,1,1,4.0,4,4,2,4,4,5,4,2,3,3,4,5,1,1,1,0,1,0,0,0,1,0,0,0,1,0,1,0,2
353,29.0,0,1,1.0,2,2,1,4,5,4,4,2,1,5,2,4,0,1,1,1,1,0,0,1,1,0,0,0,1,0,0,1,2
354,19.0,1,1,4.0,3,3,2,2,3,2,2,1,3,2,2,2,1,1,1,0,1,1,1,0,1,0,0,0,1,0,1,0,2
355,35.0,1,1,0.0,2,3,2,2,4,4,2,2,4,3,2,5,1,1,1,0,0,0,0,0,1,0,0,1,0,0,0,1,1
356,22.0,0,1,2.0,4,5,4,5,5,4,3,3,1,4,4,2,1,0,0,0,1,0,0,1,0,0,0,0,1,0,1,0,2
357,23.0,1,1,1.0,3,2,2,3,2,2,2,4,2,3,2,3,1,1,1,1,0,1,0,1,1,0,0,0,1,0,1,0,2
358,22.0,0,1,5.0,5,5,5,4,4,4,2,3,2,3,4,1,0,0,1,0,0,0,1,1,0,0,0,0,1,0,1,0,2
359,25.0,1,1,2.0,4,4,1,5,5,3,5,2,2,4,3,5,1,1,1,0,0,1,0,0,1,0,0,0,1,0,0,1,2
360,19.0,1,1,4.0,3,3,4,3,3,3,4,3,3,3,3,2,0,1,1,0,0,0,1,0,1,0,0,0,1,0,1,0,2
361,29.0,0,1,1.0,4,4,1,3,3,3,2,3,1,2,2,4,0,1,1,1,0,0,0,0,1,0,0,1,0,0,0,1,2
362,21.0,0,1,4.0,4,5,3,3,3,3,5,1,4,4,3,5,0,1,1,1,0,1,0,1,1,0,1,0,0,0,1,0,2
363,21.0,1,1,4.0,4,2,2,2,1,1,1,3,1,2,2,2,1,1,1,0,0,1,0,0,1,0,1,0,0,0,1,0,2
364,22.0,0,1,2.0,3,2,1,1,1,3,1,1,2,1,2,2,1,1,1,0,0,1,0,0,1,0,0,1,0,0,1,0,2
365,23.0,0,1,4.0,5,4,2,4,5,5,5,1,4,5,2,5,1,1,1,1,1,1,1,1,1,0,0,0,1,0,1,0,2
366,22.0,0,1,2.0,4,5,4,5,3,5,4,3,2,4,4,4,0,1,1,0,0,0,0,0,1,0,1,0,0,0,1,0,2
367,20.0,1,1,5.0,5,5,5,5,5,5,5,5,5,5,5,5,1,1,1,0,0,1,0,0,1,1,0,0,0,0,1,0,2
369,27.0,0,1,3.0,3,3,3,3,4,4,4,4,3,5,3,4,1,1,1,1,0,1,1,0,0,0,0,0,1,0,0,1,2
370,24.0,1,1,5.0,5,2,2,2,4,2,2,3,3,2,1,5,1,1,1,1,1,1,0,1,1,0,0,0,1,0,0,1,2
371,21.0,0,1,1.0,5,5,2,4,5,5,5,1,5,4,5,5,0,1,1,0,0,1,0,0,1,0,0,1,0,0,1,0,2
372,23.0,0,1,0.0,3,2,1,1,2,1,1,2,2,3,4,3,0,0,0,1,0,0,0,0,1,0,0,0,1,0,1,0,2
373,21.0,0,1,3.0,4,4,2,5,4,4,2,3,2,3,3,5,0,1,1,1,1,0,0,1,1,0,0,0,1,0,1,0,2
374,23.0,0,1,2.0,4,4,3,3,4,2,4,2,3,2,2,1,0,1,1,0,0,1,0,1,1,0,1,0,0,0,1,0,2
375,24.0,0,1,4.0,3,2,2,3,5,3,5,2,3,5,5,4,1,1,1,1,0,1,1,1,1,0,1,0,0,0,1,0,2
376,21.0,1,1,4.0,3,2,2,3,4,3,1,3,2,5,2,4,1,1,1,1,1,1,1,1,1,0,0,0,1,0,1,0,2
377,30.0,0,1,2.0,4,5,3,5,5,5,4,2,5,4,5,4,0,1,1,0,0,0,0,0,1,0,0,0,1,0,0,1,2
378,23.0,1,1,3.0,3,4,2,2,5,4,5,5,5,5,2,2,1,1,1,0,1,1,0,1,1,0,0,0,1,0,1,0,2
379,22.0,0,1,5.0,4,3,3,3,2,2,3,3,1,1,3,2,0,1,1,0,0,1,0,0,1,0,0,0,1,0,1,0,2
380,29.0,0,1,5.0,5,5,3,5,4,5,5,3,3,5,5,5,0,1,1,1,0,1,1,0,1,0,0,0,1,0,1,0,2
381,20.0,1,1,3.0,4,3,2,3,5,5,5,5,5,5,5,1,1,0,1,1,1,0,0,0,1,0,0,0,1,0,1,0,2
382,26.7,0,1,5.0,4,2,2,3,5,3,5,2,3,4,5,5,0,1,0,0,0,0,0,0,1,0,0,0,1,0,1,0,2
383,24.0,1,1,1.0,3,4,1,3,3,2,3,3,4,5,3,3,1,1,1,1,1,1,1,1,1,0,0,0,1,0,0,1,2
384,26.0,1,1,3.0,4,5,3,4,4,4,5,1,2,3,4,3,0,1,1,0,0,1,0,0,1,0,1,0,0,0,1,0,2
385,22.0,1,1,2.0,5,4,2,3,3,4,3,4,1,2,2,4,1,1,0,0,0,0,0,0,1,0,0,0,1,0,1,0,2
386,23.0,1,1,4.0,5,5,2,4,5,3,5,3,2,3,3,4,1,1,1,1,0,1,1,0,1,0,0,0,1,0,1,0,2
387,19.0,1,1,4.0,4,4,2,4,4,4,5,2,4,2,4,4,1,1,1,1,1,1,0,0,1,0,0,0,1,0,1,0,2
388,21.0,0,1,2.0,3,4,3,4,4,4,5,1,2,4,4,2,0,0,1,0,0,0,1,1,1,0,0,0,1,0,1,0,2
389,20.0,0,1,4.0,5,5,5,5,5,5,2,3,2,4,4,5,1,1,1,1,1,1,1,0,1,0,0,0,1,0,1,0,2
390,22.0,1,1,5.0,4,4,4,4,2,3,2,3,4,3,3,4,1,1,1,0,0,1,0,0,1,0,0,0,1,0,1,0,2
391,22.0,1,1,5.0,3,3,3,4,5,5,4,3,1,5,3,3,1,1,1,1,0,0,0,1,1,0,0,0,1,0,1,0,2
392,23.0,1,1,5.0,5,4,4,5,5,5,2,3,1,5,5,5,1,1,1,0,1,1,0,1,1,0,0,0,1,0,1,0,2
393,22.0,0,1,5.0,4,5,5,5,5,5,5,2,4,5,4,1,1,1,1,0,0,1,0,0,1,0,0,0,1,0,1,0,2
394,20.0,0,1,5.0,5,4,2,3,3,2,1,3,3,2,2,2,1,1,1,1,0,1,1,1,1,0,1,0,0,0,1,0,2
395,27.0,0,1,1.0,4,2,1,2,3,1,2,3,4,2,2,1,0,1,1,1,0,0,0,0,1,0,0,1,0,0,0,1,2
396,22.0,0,1,5.0,5,4,4,4,4,4,2,4,3,5,4,3,0,1,1,0,0,1,0,0,1,0,0,0,1,0,1,0,2
397,21.0,0,1,5.0,4,4,3,5,4,5,4,3,4,5,5,5,0,1,0,0,0,0,0,0,0,0,0,0,1,0,1,0,2
398,21.0,0,1,2.0,2,1,4,2,2,2,3,3,2,1,4,4,0,1,1,1,0,1,0,1,1,0,0,0,1,0,1,0,2
399,24.0,0,1,4.0,3,4,1,5,4,5,3,3,4,5,5,5,0,1,1,0,0,1,0,0,1,0,0,0,1,0,1,0,2
400,19.0,1,1,3.0,4,2,3,3,4,3,2,2,2,4,4,3,0,1,1,0,0,0,0,1,1,0,0,0,1,0,1,0,2
401,52.0,1,1,1.0,2,2,3,3,3,2,3,2,2,3,2,4,0,1,0,0,0,0,0,0,1,0,0,1,0,0,0,1,0
402,26.0,1,1,5.0,5,4,3,4,4,4,3,3,2,3,4,5,0,1,1,1,1,0,1,0,1,0,0,0,1,0,1,0,2
403,44.0,1,1,0.0,1,1,1,2,1,1,1,1,1,1,1,1,0,1,0,0,0,0,0,0,0,0,0,1,0,0,0,1,1
404,44.0,1,1,0.0,1,1,1,1,1,1,1,1,1,1,1,1,0,1,0,0,0,0,0,0,0,0,0,1,0,0,0,1,1
405,19.0,0,1,3.0,4,5,2,4,5,3,5,5,1,5,4,5,1,1,0,1,0,0,0,0,1,0,0,0,1,0,1,0,2
406,35.0,1,1,3.0,5,5,5,5,5,5,5,1,1,5,5,5,0,1,0,0,1,1,0,0,0,0,0,0,1,0,0,1,1
407,21.0,0,1,5.0,3,5,2,5,3,5,4,2,4,4,3,3,0,1,1,0,0,1,0,0,0,0,1,0,0,0,1,0,2
408,20.0,0,1,4.0,4,5,5,5,5,5,2,2,1,4,5,1,0,1,1,0,0,0,1,0,0,0,0,0,1,0,1,0,2
409,24.0,0,1,5.0,5,2,4,2,5,1,3,2,4,4,2,5,0,1,1,0,1,0,0,1,1,0,1,0,0,0,1,0,2
410,21.0,0,1,3.0,4,4,3,5,5,5,5,1,1,3,3,1,0,1,1,1,1,0,0,0,1,0,0,0,1,0,1,0,2
411,24.0,1,1,5.0,3,4,4,4,3,3,2,3,1,3,3,3,1,1,1,0,1,0,0,0,1,0,0,0,1,0,1,0,2
412,21.0,0,1,3.0,5,3,3,5,5,5,5,3,1,5,4,5,0,1,1,0,0,1,0,0,1,0,1,0,0,0,1,0,2
413,17.0,1,1,5.0,2,4,3,5,5,5,3,2,1,5,4,5,1,1,1,0,0,0,0,0,1,0,0,0,1,0,1,0,3
414,26.0,0,1,4.0,4,4,2,4,3,4,3,3,2,4,3,4,0,1,0,0,0,0,0,0,0,0,1,0,0,0,1,0,2
415,18.0,1,1,3.0,4,5,4,5,5,4,4,3,3,5,3,5,1,1,1,0,0,1,1,1,1,0,0,0,1,0,1,0,3
416,18.0,0,1,3.0,2,1,1,3,3,2,1,3,1,2,2,2,1,1,1,0,0,0,0,0,1,0,0,0,1,0,1,0,3
417,18.0,0,1,3.0,5,3,4,3,4,4,1,3,1,3,5,5,0,1,1,1,1,1,1,0,1,0,1,0,0,0,1,0,3
418,23.0,1,1,3.0,3,4,2,4,5,4,2,3,2,4,3,3,1,1,1,0,0,1,0,0,1,0,0,0,1,0,1,0,2
419,20.0,1,1,1.0,4,5,3,5,2,5,1,2,3,3,2,1,1,1,1,0,0,1,0,0,1,0,0,0,1,0,1,0,2
420,23.0,1,1,5.0,4,4,3,4,5,4,4,3,2,3,3,5,1,1,1,0,0,1,0,0,1,0,0,0,1,0,1,0,2
421,25.0,1,1,0.0,2,2,3,2,3,3,3,4,3,2,2,4,1,1,1,1,1,0,0,1,1,0,1,0,0,0,1,0,2
422,26.0,1,1,2.0,4,3,3,3,5,4,4,1,4,5,5,4,0,1,1,0,1,0,0,0,1,0,0,0,1,0,0,1,2
423,20.0,1,1,5.0,4,5,3,4,5,4,5,2,4,4,4,5,1,1,1,0,0,1,1,1,1,0,1,0,0,0,1,0,2
424,19.0,1,1,1.0,4,3,1,3,4,2,2,3,3,1,4,3,1,1,1,1,1,1,0,0,1,0,1,0,0,0,1,0,2
425,17.0,0,1,2.0,4,1,3,2,5,4,5,5,1,4,4,1,0,1,1,1,0,0,0,0,1,0,0,0,1,0,1,0,3
426,24.0,0,1,3.0,4,3,5,3,3,5,4,2,3,3,3,3,0,1,1,0,0,1,0,0,1,0,0,1,0,0,1,0,2
427,29.0,0,1,5.0,5,5,5,4,5,4,3,3,4,4,4,3,0,1,1,1,0,0,0,0,1,0,0,1,0,0,0,1,2
428,30.0,0,1,3.0,1,5,1,2,3,3,2,4,3,3,3,2,0,1,1,0,0,0,0,0,1,0,0,1,0,1,0,0,2
429,21.0,0,1,3.0,4,5,4,4,5,5,5,1,3,5,4,4,1,1,1,0,0,1,1,1,1,0,0,0,1,0,1,0,2
430,23.0,1,1,5.0,4,3,2,4,4,4,3,3,3,5,5,5,1,1,1,1,1,1,0,0,1,0,0,0,1,0,1,0,2
431,21.0,1,1,5.0,5,5,2,3,4,3,4,4,4,5,3,5,1,1,1,1,1,1,0,0,1,0,0,0,1,0,1,0,2
432,20.0,0,1,5.0,3,5,3,5,5,5,5,5,5,5,5,5,1,1,1,0,0,0,0,0,1,0,0,0,1,0,1,0,2
433,21.0,1,1,4.0,4,3,2,5,5,4,5,1,3,5,5,5,1,1,1,0,1,1,0,1,1,0,0,0,1,0,1,0,2
434,22.0,0,1,4.0,3,1,2,3,4,2,2,1,1,4,3,5,0,0,0,0,0,0,0,0,1,0,0,0,1,0,1,0,2
435,22.0,0,1,2.0,3,2,2,2,5,3,5,2,5,3,3,5,0,1,1,0,0,0,0,0,0,0,0,0,1,0,1,0,2
436,22.0,0,1,5.0,1,5,2,3,5,2,1,2,2,3,3,4,0,1,1,0,0,1,0,0,0,0,1,0,0,0,1,0,2
437,27.0,0,1,4.0,4,3,3,4,3,3,4,2,4,2,1,2,0,1,1,0,1,0,1,0,1,0,1,0,0,0,0,1,2
438,21.0,1,1,5.0,5,4,2,2,2,3,2,3,1,2,2,5,0,1,1,0,0,0,0,0,1,0,0,0,1,0,1,0,2
439,23.0,1,1,4.0,4,3,2,4,4,3,4,4,4,4,3,4,1,1,1,0,1,1,1,0,1,0,1,0,0,0,1,0,2
440,22.0,1,1,3.0,4,4,5,4,2,4,3,3,4,2,3,4,1,1,1,0,0,0,0,0,1,0,1,0,0,0,1,0,2
441,21.0,0,1,3.0,3,4,4,3,3,3,2,5,3,1,3,2,0,0,0,0,0,0,0,0,1,0,1,0,0,0,1,0,2
442,23.0,1,1,2.0,4,2,1,2,3,2,3,3,1,3,2,2,1,1,0,0,1,0,0,0,1,0,0,0,1,0,1,0,2
443,21.0,0,1,5.0,4,5,3,4,4,4,3,3,4,4,4,3,0,1,1,1,0,0,0,1,1,0,0,0,1,0,1,0,2
444,20.0,1,1,4.0,5,3,2,3,4,2,2,4,3,3,4,3,0,1,1,0,0,0,0,0,1,0,0,0,1,0,1,0,2
445,23.0,1,1,1.0,2,1,1,2,5,3,3,4,1,3,2,4,1,1,1,1,1,0,0,0,1,0,0,0,1,0,1,0,2
446,22.0,0,1,3.0,3,5,3,5,5,5,5,3,3,5,4,5,0,1,1,1,0,1,1,0,1,0,1,0,0,0,1,0,2
447,20.0,0,1,5.0,5,3,4,3,5,5,5,1,4,5,5,3,0,1,1,0,0,1,0,0,1,0,1,0,0,0,1,0,2
448,21.0,1,1,3.0,4,4,4,4,4,5,4,1,4,4,4,5,1,1,1,0,0,1,0,0,1,0,0,0,1,0,1,0,2
449,25.0,0,1,2.0,3,5,2,2,3,3,1,3,1,2,4,5,0,1,1,1,0,0,0,1,1,0,0,0,1,0,1,0,2
450,21.0,0,1,3.0,2,2,1,4,4,4,2,1,1,2,2,2,1,1,1,0,0,0,0,0,0,0,0,0,1,0,1,0,2
451,28.0,0,1,4.0,4,3,1,4,5,4,1,3,1,4,1,5,1,1,1,0,1,0,0,0,1,0,0,0,1,0,1,0,2
452,22.0,0,1,3.0,1,1,1,5,3,5,1,1,1,3,4,3,1,1,1,1,1,1,1,0,1,0,0,0,1,0,0,1,2
453,60.0,1,1,2.0,1,2,1,1,1,1,3,3,3,1,1,1,0,1,0,0,0,0,0,0,1,0,0,0,1,1,0,0,0
454,49.0,1,1,0.0,3,4,3,3,4,3,3,3,3,3,2,2,0,1,0,1,0,0,0,0,1,0,0,1,0,0,0,1,0
455,34.0,0,1,0.0,2,1,1,1,1,1,3,4,1,1,2,1,0,1,1,0,0,0,0,0,1,0,0,1,0,0,0,1,1
456,56.0,1,1,2.0,1,1,1,1,1,1,1,1,1,1,1,2,0,1,0,1,0,0,0,1,1,0,0,1,0,0,0,1,0
457,51.0,1,1,1.0,3,2,3,4,2,3,4,3,3,2,2,4,0,1,1,0,0,0,0,1,1,0,0,1,0,0,0,1,0
458,23.0,0,1,2.0,3,3,3,3,3,2,2,3,3,4,2,2,0,1,0,0,0,0,0,0,0,0,0,0,1,0,1,0,2
459,21.0,0,1,4.0,3,5,3,3,3,2,3,3,1,2,2,3,1,1,0,0,0,0,0,0,1,0,0,0,1,0,1,0,2
460,50.0,1,1,1.0,1,1,1,1,1,1,1,1,1,1,1,1,0,1,1,0,0,0,0,0,0,0,0,1,0,0,1,0,0
461,22.0,0,1,3.0,2,2,1,4,5,5,1,4,1,3,5,2,0,0,1,0,0,0,0,1,1,0,0,0,1,0,1,0,2
462,28.0,0,1,2.0,5,4,1,5,4,5,2,2,2,5,5,2,0,1,1,1,0,0,0,0,1,0,0,1,0,0,0,1,2
463,13.0,1,1,4.0,3,4,1,3,3,1,1,3,1,3,3,4,1,0,1,0,0,0,0,0,1,0,0,0,1,0,1,0,3
464,14.0,1,1,2.0,3,4,2,4,3,2,1,3,1,2,3,1,1,0,1,0,0,0,0,0,0,0,0,0,1,0,1,0,3
465,13.0,1,1,5.0,4,4,3,4,2,4,2,3,2,2,3,2,1,0,1,1,0,0,0,1,1,0,0,0,1,0,1,0,3
466,23.0,1,1,4.0,2,4,2,3,4,4,1,3,1,3,2,3,1,1,1,0,0,0,0,0,1,0,1,0,0,0,1,0,2
467,18.0,1,1,1.0,3,3,1,3,2,1,1,2,1,1,2,4,1,0,0,0,1,0,0,0,0,0,0,0,1,0,1,0,3
468,18.0,1,1,5.0,2,3,1,3,5,3,5,1,2,5,2,1,0,0,0,1,0,0,0,0,0,0,0,0,1,0,1,0,3
469,15.0,1,1,4.0,1,1,1,3,3,3,3,3,3,1,1,1,1,0,1,0,1,0,0,0,1,0,0,0,1,0,1,0,3
470,20.0,0,1,1.0,2,2,1,3,5,3,5,1,2,5,4,5,1,0,1,1,1,1,1,0,1,0,0,0,1,0,1,0,2
471,20.0,0,1,5.0,5,4,2,4,5,3,1,3,2,4,3,4,0,1,1,0,0,0,0,0,1,0,0,0,1,0,1,0,2
472,35.0,0,1,1.0,3,2,2,3,3,2,1,2,2,2,4,4,0,1,1,0,0,0,0,0,1,0,0,1,0,0,0,1,1
473,26.0,0,1,2.0,4,4,3,3,4,4,4,5,3,4,3,4,0,1,0,0,0,0,1,0,1,0,0,1,0,0,1,0,2
474,30.0,0,1,4.0,2,4,4,3,4,5,4,2,2,4,2,1,0,1,1,0,0,0,0,0,1,0,0,1,0,0,0,1,2
475,32.0,0,1,3.0,5,5,3,5,5,5,5,1,4,5,5,4,0,1,1,0,0,0,0,0,0,0,0,1,0,0,0,1,1
476,24.0,1,1,2.0,3,4,3,4,3,4,4,2,4,3,4,4,0,1,1,0,0,0,0,0,1,0,0,0,1,0,0,1,2
477,26.0,0,1,1.0,2,1,2,3,4,4,4,2,4,4,4,1,0,1,0,0,0,0,0,0,1,0,0,1,0,0,0,1,2
478,29.0,0,1,2.0,3,3,4,3,2,3,3,3,4,2,2,2,0,1,0,0,0,0,0,0,1,0,0,1,0,0,0,1,2
479,21.0,1,1,2.0,2,3,2,3,3,2,2,3,4,4,5,4,1,1,1,1,0,0,0,1,1,0,0,0,1,0,1,0,2
480,53.0,1,1,0.0,2,3,1,3,1,1,3,3,2,2,2,3,0,1,0,0,0,0,0,0,1,0,0,1,0,0,0,1,0
